<?xml version="1.0" encoding="UTF-8"?>
<system id="System">
    <lightStatus> Off </lightStatus>
    <backgroundActivity> Off </backgroundActivity>
    <connectionStatus> Off </connectionStatus>
    <backgroundStop> Off </backgroundStop>
    <authentication>
        <requiredId> Off </requiredId>
        <!-- <tokenValue> HTOELCMO45RTU3MKLP35P21JAPKGORG34ZXCV </tokenValue> -->
        <errorIdentifier> Off </errorIdentifier>
        <systemToken> Off </systemToken>
    </authentication>
    <specterMode> Off </specterMode>
    <adminPower> Off </adminPower>
</system>